구분명,측정일,수위비율
강남,2022-06-01,0.5874999999999999
강남,2022-06-02,1.0
강남,2022-06-03,0.6
강남,2022-06-04,0.5
강남,2022-06-05,0.5
강남,2022-06-06,0.5
강남,2022-06-07,0.5
강남,2022-06-08,0.5
강남,2022-06-09,0.5
강남,2022-06-10,0.5
강남,2022-06-11,0.5
강남,2022-06-12,0.5
강남,2022-06-13,1.0
강남,2022-06-14,0.27999999999999997
강남,2022-06-15,0.43600000000000005
강남,2022-06-16,0.344
강남,2022-06-17,0.27999999999999997
강남,2022-06-18,0.27999999999999997
강남,2022-06-19,0.385
강남,2022-06-20,0.42
강남,2022-06-21,0.27999999999999997
강남,2022-06-22,0.27999999999999997
강남,2022-06-23,0.8375
강남,2022-06-24,0.64
강남,2022-06-25,0.27999999999999997
강남,2022-06-26,0.27599999999999997
강남,2022-06-27,0.352
강남,2022-06-28,0.324
강남,2022-06-29,0.708
강남,2022-06-30,0.81
강남,2022-07-01,0.545
강남,2022-07-02,0.27999999999999997
강남,2022-07-03,0.27599999999999997
강남,2022-07-04,0.365
강남,2022-07-05,0.27999999999999997
강남,2022-07-06,0.8640000000000001
강남,2022-07-07,0.33599999999999997
강남,2022-07-08,0.284
강남,2022-07-09,0.27999999999999997
강남,2022-07-10,0.27599999999999997
강남,2022-07-11,0.43600000000000005
강남,2022-07-12,0.284
강남,2022-07-13,0.7249999999999999
강남,2022-07-14,0.35
강남,2022-07-15,0.288
강남,2022-07-16,0.32799999999999996
강남,2022-07-17,0.324
강남,2022-07-18,0.27999999999999997
강남,2022-07-19,0.27999999999999997
강남,2022-07-20,0.284
강남,2022-07-21,0.38
강남,2022-07-22,0.696
강남,2022-07-23,0.504
강남,2022-07-24,0.344
강남,2022-07-25,0.27999999999999997
강남,2022-07-26,0.27999999999999997
강남,2022-07-27,0.27999999999999997
강남,2022-07-28,0.27999999999999997
강남,2022-07-29,0.284
강남,2022-07-30,0.27599999999999997
강남,2022-07-31,0.636
강남,2022-08-01,0.612
강남,2022-08-02,0.476
강남,2022-08-03,0.584
강남,2022-08-04,0.288
강남,2022-08-05,0.284
강남,2022-08-06,0.39999999999999997
강남,2022-08-07,0.33599999999999997
강남,2022-08-08,1.2
강남,2022-08-09,0.9571428571428572
강남,2022-08-10,0.6416666666666667
강남,2022-08-11,0.792
강남,2022-08-12,0.292
강남,2022-08-13,0.292
강남,2022-08-14,0.325
강남,2022-08-15,0.324
강남,2022-08-16,0.284
강남,2022-08-17,0.284
강남,2022-08-18,0.3666666666666667
강남,2022-08-19,0.828
강남,2022-08-20,0.312
강남,2022-08-21,0.27999999999999997
강남,2022-08-22,0.312
강남,2022-08-23,0.9166666666666667
강남,2022-08-24,0.27999999999999997
강남,2022-08-25,0.33913043478260874
강남,2022-08-26,0.288
강남,2022-08-27,0.364
강남,2022-08-28,0.27599999999999997
강남,2022-08-29,0.284
강남,2022-08-30,0.368
강남,2022-08-31,0.41
강동,2022-06-01,0.175
강동,2022-06-02,0.2325
강동,2022-06-03,0.1325
강동,2022-06-04,0.2025
강동,2022-06-05,0.1275
강동,2022-06-06,0.13
강동,2022-06-07,0.1275
강동,2022-06-08,0.165
강동,2022-06-09,0.1275
강동,2022-06-10,0.14
강동,2022-06-11,0.2125
강동,2022-06-12,0.225
강동,2022-06-13,0.31
강동,2022-06-14,0.125
강동,2022-06-15,0.15
강동,2022-06-16,0.1325
강동,2022-06-17,0.1275
강동,2022-06-18,0.125
강동,2022-06-19,0.125
강동,2022-06-20,0.1275
강동,2022-06-21,0.18
강동,2022-06-22,0.1275
강동,2022-06-23,0.555
강동,2022-06-24,0.26
강동,2022-06-25,0.11
강동,2022-06-26,0.11
강동,2022-06-27,0.155
강동,2022-06-28,0.09
강동,2022-06-29,0.235
강동,2022-06-30,0.625
강동,2022-07-01,0.16
강동,2022-07-02,0.135
강동,2022-07-03,0.145
강동,2022-07-04,0.1275
강동,2022-07-05,0.43
강동,2022-07-06,0.305
강동,2022-07-07,0.1525
강동,2022-07-08,0.1075
강동,2022-07-09,0.1
강동,2022-07-10,0.1
강동,2022-07-11,0.1
강동,2022-07-12,0.1
강동,2022-07-13,0.445
강동,2022-07-14,0.1475
강동,2022-07-15,0.1275
강동,2022-07-16,0.315
강동,2022-07-17,0.115
강동,2022-07-18,0.115
강동,2022-07-19,0.095
강동,2022-07-20,0.1
강동,2022-07-21,0.145
강동,2022-07-22,0.175
강동,2022-07-23,0.23
강동,2022-07-24,0.16
강동,2022-07-25,0.11
강동,2022-07-26,0.105
강동,2022-07-27,0.105
강동,2022-07-28,0.1
강동,2022-07-29,0.1
강동,2022-07-30,0.1
강동,2022-07-31,0.25
강동,2022-08-01,0.31
강동,2022-08-02,0.16
강동,2022-08-03,0.39
강동,2022-08-04,0.1275
강동,2022-08-05,0.1025
강동,2022-08-06,0.325
강동,2022-08-07,0.105
강동,2022-08-08,0.785
강동,2022-08-09,0.6
강동,2022-08-10,0.3275
강동,2022-08-11,0.51
강동,2022-08-12,0.145
강동,2022-08-13,0.1375
강동,2022-08-14,0.13
강동,2022-08-15,0.1325
강동,2022-08-16,0.1225
강동,2022-08-17,0.1175
강동,2022-08-18,0.115
강동,2022-08-19,0.57
강동,2022-08-20,0.1375
강동,2022-08-21,0.095
강동,2022-08-22,0.095
강동,2022-08-23,0.1
강동,2022-08-24,0.1
강동,2022-08-25,0.1
강동,2022-08-26,0.105
강동,2022-08-27,0.45
강동,2022-08-28,0.1
강동,2022-08-29,0.105
강동,2022-08-30,0.16
강동,2022-08-31,0.125
강북,2022-06-01,0.07333333333333333
강북,2022-06-02,0.07333333333333333
강북,2022-06-03,0.07333333333333333
강북,2022-06-04,0.07333333333333333
강북,2022-06-05,0.07333333333333333
강북,2022-06-06,0.13333333333333333
강북,2022-06-07,0.07333333333333333
강북,2022-06-08,0.07333333333333333
강북,2022-06-09,0.08666666666666667
강북,2022-06-10,0.08666666666666667
강북,2022-06-11,0.07333333333333333
강북,2022-06-12,0.07333333333333333
강북,2022-06-13,0.38666666666666666
강북,2022-06-14,0.07333333333333333
강북,2022-06-15,0.19333333333333333
강북,2022-06-16,0.07333333333333333
강북,2022-06-17,0.07333333333333333
강북,2022-06-18,0.07333333333333333
강북,2022-06-19,0.07333333333333333
강북,2022-06-20,0.07333333333333333
강북,2022-06-21,0.07333333333333333
강북,2022-06-22,0.07333333333333333
강북,2022-06-23,0.6666666666666666
강북,2022-06-24,0.6333333333333333
강북,2022-06-25,0.07333333333333333
강북,2022-06-26,0.07333333333333333
강북,2022-06-27,0.17333333333333334
강북,2022-06-28,0.34
강북,2022-06-29,0.39999999999999997
강북,2022-06-30,0.6666666666666666
강북,2022-07-01,0.08
강북,2022-07-02,0.08
강북,2022-07-03,0.08
강북,2022-07-04,0.52
강북,2022-07-05,0.08
강북,2022-07-06,0.47333333333333333
강북,2022-07-07,0.07333333333333333
강북,2022-07-08,0.12
강북,2022-07-09,0.07333333333333333
강북,2022-07-10,0.07333333333333333
강북,2022-07-11,0.07333333333333333
강북,2022-07-12,0.07333333333333333
강북,2022-07-13,0.6666666666666666
강북,2022-07-14,0.08
강북,2022-07-15,0.08
강북,2022-07-16,0.5866666666666667
강북,2022-07-17,0.08
강북,2022-07-18,0.08
강북,2022-07-19,0.07333333333333333
강북,2022-07-20,0.07333333333333333
강북,2022-07-21,0.2733333333333333
강북,2022-07-22,0.07333333333333333
강북,2022-07-23,0.18666666666666668
강북,2022-07-24,0.13999999999999999
강북,2022-07-25,0.07333333333333333
강북,2022-07-26,0.07333333333333333
강북,2022-07-27,0.07333333333333333
강북,2022-07-28,0.07333333333333333
강북,2022-07-29,0.09333333333333334
강북,2022-07-30,0.07333333333333333
강북,2022-07-31,0.6466666666666666
강북,2022-08-01,0.37333333333333335
강북,2022-08-02,0.3066666666666667
강북,2022-08-03,0.6133333333333334
강북,2022-08-04,0.08
강북,2022-08-05,0.08
강북,2022-08-06,0.08
강북,2022-08-07,0.08
강북,2022-08-08,0.7266666666666667
강북,2022-08-09,0.7733333333333333
강북,2022-08-10,0.32666666666666666
강북,2022-08-11,0.41333333333333333
강북,2022-08-12,0.08666666666666667
강북,2022-08-13,0.09999999999999999
강북,2022-08-14,0.13333333333333333
강북,2022-08-15,0.54
강북,2022-08-16,0.08
강북,2022-08-17,0.5333333333333333
강북,2022-08-18,0.07333333333333333
강북,2022-08-19,0.6666666666666666
강북,2022-08-20,0.08
강북,2022-08-21,0.08
강북,2022-08-22,0.08
강북,2022-08-23,0.08
강북,2022-08-24,0.08
강북,2022-08-25,0.09333333333333334
강북,2022-08-26,0.08
강북,2022-08-27,0.22
강북,2022-08-28,0.07333333333333333
강북,2022-08-29,0.08
강북,2022-08-30,0.13999999999999999
강북,2022-08-31,0.08
강서,2022-06-01,0.16
강서,2022-06-02,0.16
강서,2022-06-03,0.21666666666666667
강서,2022-06-04,0.22400000000000003
강서,2022-06-05,0.22400000000000003
강서,2022-06-06,0.3
강서,2022-06-07,0.236
강서,2022-06-08,0.22799999999999998
강서,2022-06-09,0.5307692307692307
강서,2022-06-10,0.5346153846153846
강서,2022-06-11,0.256
강서,2022-06-12,0.26
강서,2022-06-13,0.26
강서,2022-06-14,0.5307692307692307
강서,2022-06-15,0.352
강서,2022-06-16,0.2423076923076923
강서,2022-06-17,0.236
강서,2022-06-18,0.236
강서,2022-06-19,0.248
강서,2022-06-20,0.248
강서,2022-06-21,0.244
강서,2022-06-22,0.244
강서,2022-06-23,0.6722222222222222
강서,2022-06-24,0.43333333333333335
강서,2022-06-25,0.21666666666666667
강서,2022-06-26,0.196
강서,2022-06-27,0.22799999999999998
강서,2022-06-28,0.35
강서,2022-06-29,0.47777777777777775
강서,2022-06-30,0.7999999999999999
강서,2022-07-01,0.22000000000000003
강서,2022-07-02,0.21666666666666667
강서,2022-07-03,0.21666666666666667
강서,2022-07-04,0.2
강서,2022-07-05,0.5533333333333333
강서,2022-07-06,0.7166666666666667
강서,2022-07-07,0.264
강서,2022-07-08,0.20400000000000001
강서,2022-07-09,0.21666666666666667
강서,2022-07-10,0.21666666666666667
강서,2022-07-11,0.20800000000000002
강서,2022-07-12,0.20800000000000002
강서,2022-07-13,0.6722222222222222
강서,2022-07-14,0.22400000000000003
강서,2022-07-15,0.21200000000000002
강서,2022-07-16,0.20800000000000002
강서,2022-07-17,0.20800000000000002
강서,2022-07-18,0.2111111111111111
강서,2022-07-19,0.20800000000000002
강서,2022-07-20,0.20555555555555555
강서,2022-07-21,0.32
강서,2022-07-22,0.21666666666666667
강서,2022-07-23,0.356
강서,2022-07-24,0.3
강서,2022-07-25,0.21666666666666667
강서,2022-07-26,0.2111111111111111
강서,2022-07-27,0.20400000000000001
강서,2022-07-28,0.20400000000000001
강서,2022-07-29,0.196
강서,2022-07-30,0.19444444444444442
강서,2022-07-31,0.33199999999999996
강서,2022-08-01,0.372
강서,2022-08-02,0.56
강서,2022-08-03,0.625
강서,2022-08-04,0.176
강서,2022-08-05,0.16799999999999998
강서,2022-08-06,0.18
강서,2022-08-07,0.16799999999999998
강서,2022-08-08,0.7722222222222221
강서,2022-08-09,0.9
강서,2022-08-10,0.44000000000000006
강서,2022-08-11,0.4666666666666666
강서,2022-08-12,0.15333333333333335
강서,2022-08-13,0.15333333333333335
강서,2022-08-14,0.14666666666666667
강서,2022-08-15,0.14666666666666667
강서,2022-08-16,0.19444444444444442
강서,2022-08-17,0.13999999999999999
강서,2022-08-18,0.14666666666666667
강서,2022-08-19,0.6444444444444444
강서,2022-08-20,0.13999999999999999
강서,2022-08-21,0.19999999999999998
강서,2022-08-22,0.18888888888888888
강서,2022-08-23,0.14666666666666667
강서,2022-08-24,0.14666666666666667
강서,2022-08-25,0.13999999999999999
강서,2022-08-26,0.14666666666666667
강서,2022-08-27,0.3277777777777778
강서,2022-08-28,0.13999999999999999
강서,2022-08-29,0.18888888888888888
강서,2022-08-30,0.17777777777777778
강서,2022-08-31,0.15
관악,2022-06-01,0.125
관악,2022-06-02,0.13333333333333333
관악,2022-06-03,0.13333333333333333
관악,2022-06-04,0.125
관악,2022-06-05,0.12916666666666668
관악,2022-06-06,0.12916666666666668
관악,2022-06-07,0.125
관악,2022-06-08,0.12916666666666668
관악,2022-06-09,0.17096774193548386
관악,2022-06-10,0.125
관악,2022-06-11,0.3
관악,2022-06-12,0.13333333333333333
관악,2022-06-13,0.12916666666666668
관악,2022-06-14,0.12916666666666668
관악,2022-06-15,0.23870967741935484
관악,2022-06-16,0.15833333333333335
관악,2022-06-17,0.125
관악,2022-06-18,0.125
관악,2022-06-19,0.12916666666666668
관악,2022-06-20,0.125
관악,2022-06-21,0.125
관악,2022-06-22,0.12916666666666668
관악,2022-06-23,0.51
관악,2022-06-24,0.504
관악,2022-06-25,0.125
관악,2022-06-26,0.125
관악,2022-06-27,0.17419354838709677
관악,2022-06-28,0.155
관악,2022-06-29,0.425
관악,2022-06-30,0.54
관악,2022-07-01,0.2
관악,2022-07-02,0.135
관악,2022-07-03,0.12083333333333333
관악,2022-07-04,0.125
관악,2022-07-05,0.42400000000000004
관악,2022-07-06,0.604
관악,2022-07-07,0.13333333333333333
관악,2022-07-08,0.1375
관악,2022-07-09,0.12083333333333333
관악,2022-07-10,0.12083333333333333
관악,2022-07-11,0.27419354838709675
관악,2022-07-12,0.12916666666666668
관악,2022-07-13,0.51
관악,2022-07-14,0.225
관악,2022-07-15,0.14
관악,2022-07-16,0.115
관악,2022-07-17,0.11
관악,2022-07-18,0.10967741935483871
관악,2022-07-19,0.115
관악,2022-07-20,0.10967741935483871
관악,2022-07-21,0.2258064516129032
관악,2022-07-22,0.42631578947368426
관악,2022-07-23,0.3258064516129032
관악,2022-07-24,0.18387096774193545
관악,2022-07-25,0.1129032258064516
관악,2022-07-26,0.10967741935483871
관악,2022-07-27,0.1032258064516129
관악,2022-07-28,0.10645161290322581
관악,2022-07-29,0.10645161290322581
관악,2022-07-30,0.1032258064516129
관악,2022-07-31,0.352
관악,2022-08-01,0.36
관악,2022-08-02,0.33599999999999997
관악,2022-08-03,0.36
관악,2022-08-04,0.15
관악,2022-08-05,0.12
관악,2022-08-06,0.19999999999999998
관악,2022-08-07,0.12083333333333333
관악,2022-08-08,0.875
관악,2022-08-09,0.6559999999999999
관악,2022-08-10,0.4
관악,2022-08-11,0.572
관악,2022-08-12,0.54
관악,2022-08-13,0.445
관악,2022-08-14,0.43
관악,2022-08-15,0.43
관악,2022-08-16,0.415
관악,2022-08-17,0.39
관악,2022-08-18,0.39
관악,2022-08-19,0.74
관악,2022-08-20,0.735
관악,2022-08-21,0.6
관악,2022-08-22,0.23
관악,2022-08-23,0.685
관악,2022-08-24,0.245
관악,2022-08-25,0.245
관악,2022-08-26,0.32
관악,2022-08-27,0.295
관악,2022-08-28,0.27
관악,2022-08-29,0.335
관악,2022-08-30,0.22
관악,2022-08-31,0.28
광진,2022-06-01,0.39999999999999997
광진,2022-06-02,1.0
광진,2022-06-03,1.0
광진,2022-06-04,1.0
광진,2022-06-05,0.6533333333333333
광진,2022-06-06,1.0
광진,2022-06-07,2.4444444444444446
광진,2022-06-08,1.0
광진,2022-06-09,1.8888888888888888
광진,2022-06-10,1.0
광진,2022-06-11,1.0
광진,2022-06-12,1.0
광진,2022-06-13,2.5555555555555554
광진,2022-06-14,0.37777777777777777
광진,2022-06-15,1.4666666666666668
광진,2022-06-16,0.4727272727272727
광진,2022-06-17,0.35555555555555557
광진,2022-06-18,0.35555555555555557
광진,2022-06-19,0.37777777777777777
광진,2022-06-20,0.37777777777777777
광진,2022-06-21,0.35555555555555557
광진,2022-06-22,0.37777777777777777
광진,2022-06-23,2.6222222222222222
광진,2022-06-24,2.5999999999999996
광진,2022-06-25,0.37777777777777777
광진,2022-06-26,0.37777777777777777
광진,2022-06-27,2.111111111111111
광진,2022-06-28,0.47
광진,2022-06-29,2.5111111111111106
광진,2022-06-30,2.5777777777777775
광진,2022-07-01,1.3777777777777778
광진,2022-07-02,0.45
광진,2022-07-03,0.37777777777777777
광진,2022-07-04,0.47
광진,2022-07-05,0.47
광진,2022-07-06,2.5555555555555554
광진,2022-07-07,2.466666666666667
광진,2022-07-08,0.9333333333333332
광진,2022-07-09,0.5111111111111111
광진,2022-07-10,0.7555555555555555
광진,2022-07-11,0.48
광진,2022-07-12,0.48
광진,2022-07-13,2.6222222222222222
광진,2022-07-14,2.466666666666667
광진,2022-07-15,2.466666666666667
광진,2022-07-16,2.5999999999999996
광진,2022-07-17,0.48
광진,2022-07-18,0.38
광진,2022-07-19,0.37777777777777777
광진,2022-07-20,0.37777777777777777
광진,2022-07-21,0.48
광진,2022-07-22,0.7200000000000001
광진,2022-07-23,1.2888888888888888
광진,2022-07-24,0.49
광진,2022-07-25,0.49
광진,2022-07-26,0.48
광진,2022-07-27,0.48
광진,2022-07-28,0.48
광진,2022-07-29,1.5333333333333332
광진,2022-07-30,0.888888888888889
광진,2022-07-31,2.5999999999999996
광진,2022-08-01,2.533333333333333
광진,2022-08-02,2.466666666666667
광진,2022-08-03,2.5999999999999996
광진,2022-08-04,2.488888888888889
광진,2022-08-05,2.488888888888889
광진,2022-08-06,2.3555555555555556
광진,2022-08-07,2.3333333333333335
광진,2022-08-08,2.8222222222222224
광진,2022-08-09,2.5777777777777775
광진,2022-08-10,2.466666666666667
광진,2022-08-11,2.5777777777777775
광진,2022-08-12,2.466666666666667
광진,2022-08-13,2.466666666666667
광진,2022-08-14,2.4444444444444446
광진,2022-08-15,2.5111111111111106
광진,2022-08-16,1.4222222222222223
광진,2022-08-17,0.49
광진,2022-08-18,0.8866666666666667
광진,2022-08-19,2.5777777777777775
광진,2022-08-20,1.9333333333333333
광진,2022-08-21,0.49
광진,2022-08-22,2.3111111111111113
광진,2022-08-23,0.6
광진,2022-08-24,0.36
광진,2022-08-25,0.35555555555555557
광진,2022-08-26,0.38
광진,2022-08-27,2.5777777777777775
광진,2022-08-28,0.48
광진,2022-08-29,0.48
광진,2022-08-30,2.466666666666667
광진,2022-08-31,0.49
구로,2022-06-01,0.14
구로,2022-06-02,0.135
구로,2022-06-03,0.14
구로,2022-06-04,0.295
구로,2022-06-05,0.17
구로,2022-06-06,0.37999999999999995
구로,2022-06-07,0.175
구로,2022-06-08,0.16
구로,2022-06-09,0.16
구로,2022-06-10,0.155
구로,2022-06-11,0.165
구로,2022-06-12,0.33
구로,2022-06-13,0.16
구로,2022-06-14,0.16
구로,2022-06-15,0.5933333333333334
구로,2022-06-16,0.205
구로,2022-06-17,0.165
구로,2022-06-18,0.16
구로,2022-06-19,0.165
구로,2022-06-20,1.0
구로,2022-06-21,0.165
구로,2022-06-22,0.165
구로,2022-06-23,1.0
구로,2022-06-24,0.9
구로,2022-06-25,0.21
구로,2022-06-26,0.14
구로,2022-06-27,0.20666666666666667
구로,2022-06-28,0.15333333333333335
구로,2022-06-29,0.5466666666666666
구로,2022-06-30,0.715
구로,2022-07-01,0.155
구로,2022-07-02,0.68
구로,2022-07-03,0.165
구로,2022-07-04,0.9
구로,2022-07-05,0.9
구로,2022-07-06,0.9
구로,2022-07-07,0.9
구로,2022-07-08,0.9
구로,2022-07-09,0.9
구로,2022-07-10,0.9
구로,2022-07-11,0.9
구로,2022-07-12,0.9
구로,2022-07-13,0.9
구로,2022-07-14,0.49
구로,2022-07-15,0.25333333333333335
구로,2022-07-16,0.145
구로,2022-07-17,0.145
구로,2022-07-18,0.145
구로,2022-07-19,0.14
구로,2022-07-20,0.14
구로,2022-07-21,0.215
구로,2022-07-22,0.15
구로,2022-07-23,0.33
구로,2022-07-24,0.19
구로,2022-07-25,0.135
구로,2022-07-26,0.13999999999999999
구로,2022-07-27,0.13999999999999999
구로,2022-07-28,0.135
구로,2022-07-29,0.135
구로,2022-07-30,0.14
구로,2022-07-31,0.335
구로,2022-08-01,0.31
구로,2022-08-02,0.325
구로,2022-08-03,0.53
구로,2022-08-04,0.26666666666666666
구로,2022-08-05,0.14
구로,2022-08-06,0.25
구로,2022-08-07,0.15
구로,2022-08-08,1.0
구로,2022-08-09,0.8
구로,2022-08-10,0.4928571428571428
구로,2022-08-11,0.55
구로,2022-08-12,0.55
구로,2022-08-13,0.45
구로,2022-08-14,1.0
구로,2022-08-15,1.0
구로,2022-08-16,1.0
구로,2022-08-17,1.0
구로,2022-08-18,1.0
구로,2022-08-19,1.0
구로,2022-08-20,1.0
구로,2022-08-21,1.0
구로,2022-08-22,1.0
구로,2022-08-23,1.0
구로,2022-08-24,1.0
구로,2022-08-25,1.0
구로,2022-08-26,1.0
구로,2022-08-27,1.0
구로,2022-08-28,1.0
구로,2022-08-29,1.0
구로,2022-08-30,1.0
구로,2022-08-31,1.0
금천,2022-06-01,0.91
금천,2022-06-02,0.91
금천,2022-06-03,0.905
금천,2022-06-04,0.895
금천,2022-06-05,0.88
금천,2022-06-06,0.35
금천,2022-06-07,0.875
금천,2022-06-08,0.12
금천,2022-06-09,0.28
금천,2022-06-10,0.66
금천,2022-06-11,0.63
금천,2022-06-12,0.11333333333333334
금천,2022-06-13,0.12
금천,2022-06-14,0.935
금천,2022-06-15,0.875
금천,2022-06-16,0.81
금천,2022-06-17,0.785
금천,2022-06-18,0.95
금천,2022-06-19,0.11333333333333334
금천,2022-06-20,0.815
금천,2022-06-21,0.725
금천,2022-06-22,0.835
금천,2022-06-23,0.84
금천,2022-06-24,0.53
금천,2022-06-25,0.12666666666666668
금천,2022-06-26,0.95
금천,2022-06-27,0.95
금천,2022-06-28,0.91
금천,2022-06-29,0.88
금천,2022-06-30,0.79
금천,2022-07-01,1.8
금천,2022-07-02,0.13
금천,2022-07-03,0.14
금천,2022-07-04,0.12
금천,2022-07-05,0.87
금천,2022-07-06,0.66
금천,2022-07-07,0.14
금천,2022-07-08,0.14
금천,2022-07-09,0.13
금천,2022-07-10,0.13
금천,2022-07-11,0.14666666666666667
금천,2022-07-12,0.13
금천,2022-07-13,0.93
금천,2022-07-14,0.19
금천,2022-07-15,0.13
금천,2022-07-16,0.12
금천,2022-07-17,0.13
금천,2022-07-18,0.13
금천,2022-07-19,0.12
금천,2022-07-20,0.12
금천,2022-07-21,0.19
금천,2022-07-22,0.18
금천,2022-07-23,0.36
금천,2022-07-24,0.14333333333333334
금천,2022-07-25,0.38
금천,2022-07-26,0.96
금천,2022-07-27,0.97
금천,2022-07-28,0.97
금천,2022-07-29,0.13
금천,2022-07-30,0.14
금천,2022-07-31,0.885
금천,2022-08-01,0.48
금천,2022-08-02,0.43
금천,2022-08-03,0.41
금천,2022-08-04,0.16
금천,2022-08-05,0.15
금천,2022-08-06,0.27
금천,2022-08-07,0.15
금천,2022-08-08,0.95
금천,2022-08-09,0.96
금천,2022-08-10,0.86
금천,2022-08-11,0.86
금천,2022-08-12,0.9199999999999999
금천,2022-08-13,0.86
금천,2022-08-14,0.33
금천,2022-08-15,0.2
금천,2022-08-16,0.2
금천,2022-08-17,0.19
금천,2022-08-18,0.485
금천,2022-08-19,0.68
금천,2022-08-20,0.19
금천,2022-08-21,0.2
금천,2022-08-22,0.88
금천,2022-08-23,0.885
금천,2022-08-24,0.91
금천,2022-08-25,0.19
금천,2022-08-26,0.19
금천,2022-08-27,0.17
금천,2022-08-29,0.18
금천,2022-08-30,0.3
금천,2022-08-31,0.19
노원,2022-06-01,1.1199999999999999
노원,2022-06-02,1.0
노원,2022-06-03,0.75
노원,2022-06-04,0.75
노원,2022-06-05,1.2266666666666668
노원,2022-06-06,1.22
노원,2022-06-07,1.2266666666666668
노원,2022-06-08,1.2266666666666668
노원,2022-06-09,1.2266666666666668
노원,2022-06-10,1.2266666666666668
노원,2022-06-11,1.2266666666666668
노원,2022-06-12,1.22
노원,2022-06-13,1.22
노원,2022-06-14,1.22
노원,2022-06-15,1.2266666666666668
노원,2022-06-16,1.22
노원,2022-06-17,1.0666666666666667
노원,2022-06-18,1.0333333333333334
노원,2022-06-19,1.0266666666666666
노원,2022-06-20,1.0333333333333334
노원,2022-06-21,1.0666666666666667
노원,2022-06-22,1.0466666666666666
노원,2022-06-23,1.1866666666666668
노원,2022-06-24,1.18
노원,2022-06-25,1.04
노원,2022-06-26,1.0333333333333334
노원,2022-06-27,1.0333333333333334
노원,2022-06-28,1.1066666666666667
노원,2022-06-29,1.04
노원,2022-06-30,1.2133333333333334
노원,2022-07-01,1.0266666666666666
노원,2022-07-02,1.3
노원,2022-07-03,1.2666666666666666
노원,2022-07-04,1.2
노원,2022-07-05,1.22
노원,2022-07-06,1.2266666666666668
노원,2022-07-07,1.2866666666666666
노원,2022-07-08,0.9666666666666667
노원,2022-07-09,0.9733333333333333
노원,2022-07-10,0.9933333333333333
노원,2022-07-11,1.24
노원,2022-07-12,1.2533333333333332
노원,2022-07-13,1.2866666666666666
노원,2022-07-14,1.2666666666666666
노원,2022-07-15,1.0
노원,2022-07-16,1.22
노원,2022-07-17,1.2133333333333334
노원,2022-07-18,1.2133333333333334
노원,2022-07-19,1.1666666666666667
노원,2022-07-20,0.6733333333333333
노원,2022-07-21,0.6133333333333334
노원,2022-07-22,0.25333333333333335
노원,2022-07-23,0.62
노원,2022-07-24,0.5666666666666667
노원,2022-07-25,0.5599999999999999
노원,2022-07-26,0.5733333333333334
노원,2022-07-27,0.5666666666666667
노원,2022-07-28,1.0
노원,2022-07-29,1.0
노원,2022-07-30,1.0733333333333335
노원,2022-07-31,1.2533333333333332
노원,2022-08-01,1.1933333333333334
노원,2022-08-02,1.1933333333333334
노원,2022-08-03,1.2333333333333334
노원,2022-08-04,1.2066666666666668
노원,2022-08-05,1.2266666666666668
노원,2022-08-06,1.2266666666666668
노원,2022-08-07,1.2266666666666668
노원,2022-08-08,1.3133333333333332
노원,2022-08-09,1.3133333333333332
노원,2022-08-10,1.1866666666666668
노원,2022-08-11,1.2066666666666668
노원,2022-08-12,1.1933333333333334
노원,2022-08-13,1.1933333333333334
노원,2022-08-14,1.1666666666666667
노원,2022-08-15,1.1333333333333333
노원,2022-08-16,1.18
노원,2022-08-17,1.1933333333333334
노원,2022-08-18,1.1733333333333333
노원,2022-08-19,1.1933333333333334
노원,2022-08-20,1.1733333333333333
노원,2022-08-21,1.1666666666666667
노원,2022-08-22,1.1666666666666667
노원,2022-08-23,1.3
노원,2022-08-24,1.1666666666666667
노원,2022-08-25,1.22
노원,2022-08-26,1.1733333333333333
노원,2022-08-27,1.1666666666666667
노원,2022-08-28,1.1533333333333333
노원,2022-08-29,1.1933333333333334
노원,2022-08-30,1.1933333333333334
노원,2022-08-31,1.1933333333333334
도봉,2022-06-01,1.0
도봉,2022-06-02,0.172
도봉,2022-06-03,0.16799999999999998
도봉,2022-06-04,0.172
도봉,2022-06-05,0.172
도봉,2022-06-06,0.192
도봉,2022-06-07,0.184
도봉,2022-06-08,0.172
도봉,2022-06-09,0.176
도봉,2022-06-10,0.172
도봉,2022-06-11,0.172
도봉,2022-06-12,0.176
도봉,2022-06-13,0.284
도봉,2022-06-14,0.184
도봉,2022-06-15,0.244
도봉,2022-06-16,0.184
도봉,2022-06-17,0.184
도봉,2022-06-18,0.184
도봉,2022-06-19,0.184
도봉,2022-06-20,0.184
도봉,2022-06-21,0.184
도봉,2022-06-22,0.184
도봉,2022-06-23,0.616
도봉,2022-06-24,0.508
도봉,2022-06-25,0.184
도봉,2022-06-26,0.176
도봉,2022-06-27,0.236
도봉,2022-06-28,0.296
도봉,2022-06-29,0.42000000000000004
도봉,2022-06-30,0.744
도봉,2022-07-01,0.24
도봉,2022-07-02,0.188
도봉,2022-07-03,0.184
도봉,2022-07-04,0.316
도봉,2022-07-05,0.176
도봉,2022-07-06,0.516
도봉,2022-07-07,0.20400000000000001
도봉,2022-07-08,0.184
도봉,2022-07-09,0.184
도봉,2022-07-10,0.184
도봉,2022-07-11,0.184
도봉,2022-07-12,0.184
도봉,2022-07-13,0.616
도봉,2022-07-14,0.196
도봉,2022-07-15,0.18
도봉,2022-07-16,0.46399999999999997
도봉,2022-07-17,0.18
도봉,2022-07-18,0.176
도봉,2022-07-19,0.176
도봉,2022-07-20,0.176
도봉,2022-07-21,0.256
도봉,2022-07-22,0.184
도봉,2022-07-23,0.252
도봉,2022-07-24,0.21600000000000003
도봉,2022-07-25,0.184
도봉,2022-07-26,0.184
도봉,2022-07-27,0.184
도봉,2022-07-28,0.184
도봉,2022-07-29,0.184
도봉,2022-07-30,0.184
도봉,2022-07-31,0.516
도봉,2022-08-01,0.348
도봉,2022-08-02,0.304
도봉,2022-08-03,0.696
도봉,2022-08-04,0.188
도봉,2022-08-05,0.192
도봉,2022-08-06,0.188
도봉,2022-08-07,0.188
도봉,2022-08-08,1.0
도봉,2022-08-09,0.8880000000000001
도봉,2022-08-10,0.396
도봉,2022-08-11,0.364
도봉,2022-08-12,0.184
도봉,2022-08-13,0.22400000000000003
도봉,2022-08-14,0.192
도봉,2022-08-15,0.364
도봉,2022-08-16,0.184
도봉,2022-08-17,0.52
도봉,2022-08-18,0.184
도봉,2022-08-19,0.588
도봉,2022-08-20,0.184
도봉,2022-08-21,0.184
도봉,2022-08-22,0.184
도봉,2022-08-23,0.184
도봉,2022-08-24,0.184
도봉,2022-08-25,0.184
도봉,2022-08-26,0.184
도봉,2022-08-27,0.184
도봉,2022-08-28,0.184
도봉,2022-08-29,0.184
도봉,2022-08-30,0.22000000000000003
도봉,2022-08-31,0.184
동대문,2022-06-01,1.8333333333333335
동대문,2022-06-02,1.8333333333333335
동대문,2022-06-03,1.8333333333333335
동대문,2022-06-04,1.8333333333333335
동대문,2022-06-05,1.8333333333333335
동대문,2022-06-06,1.8333333333333335
동대문,2022-06-07,1.8333333333333335
동대문,2022-06-08,1.8333333333333335
동대문,2022-06-09,1.8333333333333335
동대문,2022-06-10,1.8333333333333335
동대문,2022-06-11,1.8333333333333335
동대문,2022-06-12,1.8333333333333335
동대문,2022-06-13,1.8333333333333335
동대문,2022-06-14,1.8333333333333335
동대문,2022-06-15,1.8333333333333335
동대문,2022-06-16,1.8333333333333335
동대문,2022-06-17,1.8333333333333335
동대문,2022-06-18,1.8333333333333335
동대문,2022-06-19,1.8333333333333335
동대문,2022-06-20,1.8333333333333335
동대문,2022-06-21,1.8333333333333335
동대문,2022-06-22,1.8333333333333335
동대문,2022-06-23,1.8333333333333335
동대문,2022-06-24,1.8333333333333335
동대문,2022-06-25,0.3
동대문,2022-06-26,0.2866666666666667
동대문,2022-06-27,0.35333333333333333
동대문,2022-06-28,0.35333333333333333
동대문,2022-06-29,0.6266666666666666
동대문,2022-06-30,0.7666666666666666
동대문,2022-07-01,0.32
동대문,2022-07-02,0.3
동대문,2022-07-03,0.2866666666666667
동대문,2022-07-04,0.2866666666666667
동대문,2022-07-05,0.2866666666666667
동대문,2022-07-06,0.6733333333333333
동대문,2022-07-07,0.53
동대문,2022-07-08,0.4
동대문,2022-07-09,0.4
동대문,2022-07-10,0.405
동대문,2022-07-11,0.4
동대문,2022-07-12,0.41
동대문,2022-07-13,0.7333333333333334
동대문,2022-07-14,0.49
동대문,2022-07-15,0.475
동대문,2022-07-16,0.64
동대문,2022-07-17,0.475
동대문,2022-07-18,0.455
동대문,2022-07-19,0.435
동대문,2022-07-20,0.425
동대문,2022-07-21,0.51
동대문,2022-07-22,0.55
동대문,2022-07-23,0.53
동대문,2022-07-24,0.515
동대문,2022-07-25,0.44
동대문,2022-07-26,0.42
동대문,2022-07-27,0.39
동대문,2022-07-28,0.34
동대문,2022-07-29,0.2866666666666667
동대문,2022-07-30,0.2866666666666667
동대문,2022-07-31,0.55
동대문,2022-08-01,0.5333333333333333
동대문,2022-08-02,0.475
동대문,2022-08-03,0.505
동대문,2022-08-04,0.46
동대문,2022-08-05,0.29333333333333333
동대문,2022-08-06,0.5333333333333333
동대문,2022-08-07,0.2866666666666667
동대문,2022-08-08,0.96
동대문,2022-08-09,0.8933333333333334
동대문,2022-08-10,0.5555555555555556
동대문,2022-08-11,0.7333333333333334
동대문,2022-08-12,0.3
동대문,2022-08-13,0.3
동대문,2022-08-14,0.3466666666666667
동대문,2022-08-15,0.405
동대문,2022-08-16,0.29333333333333333
동대문,2022-08-17,0.28
동대문,2022-08-18,0.28
동대문,2022-08-19,0.9199999999999999
동대문,2022-08-20,0.315
동대문,2022-08-21,0.27999999999999997
동대문,2022-08-22,0.3
동대문,2022-08-23,1.4416666666666667
동대문,2022-08-24,0.7466666666666667
동대문,2022-08-25,0.7433333333333333
동대문,2022-08-26,0.7433333333333333
동대문,2022-08-27,0.7400000000000001
동대문,2022-08-28,0.7466666666666667
동대문,2022-08-29,0.7433333333333333
동대문,2022-08-30,0.7433333333333333
동대문,2022-08-31,0.73
동작,2022-06-01,1.0
동작,2022-06-02,1.0
동작,2022-06-03,1.0
동작,2022-06-04,1.0
동작,2022-06-05,1.0
동작,2022-06-06,1.0
동작,2022-06-07,0.34
동작,2022-06-08,0.34
동작,2022-06-09,1.0
동작,2022-06-10,1.0
동작,2022-06-11,1.0
동작,2022-06-12,0.84
동작,2022-06-13,1.0
동작,2022-06-14,1.0
동작,2022-06-15,0.7400000000000001
동작,2022-06-16,1.0
동작,2022-06-17,0.9
동작,2022-06-18,1.0
동작,2022-06-19,1.0
동작,2022-06-20,0.4266666666666667
동작,2022-06-21,0.35
동작,2022-06-22,0.82
동작,2022-06-23,1.0
동작,2022-06-24,1.0
동작,2022-06-25,1.0
동작,2022-06-26,1.0
동작,2022-06-27,1.0
동작,2022-06-28,1.0
동작,2022-06-29,1.0
동작,2022-06-30,1.0
동작,2022-07-01,0.35
동작,2022-07-02,0.35
동작,2022-07-03,0.34
동작,2022-07-04,1.0
동작,2022-07-05,0.8125
동작,2022-07-06,1.0
동작,2022-07-07,1.0
동작,2022-07-08,1.0
동작,2022-07-09,1.0
동작,2022-07-10,1.0
동작,2022-07-11,1.0
동작,2022-07-12,1.0
동작,2022-07-13,1.0
동작,2022-07-14,1.0
동작,2022-07-15,1.0
동작,2022-07-16,1.0
동작,2022-07-17,1.0
동작,2022-07-18,1.0
동작,2022-07-19,1.0
동작,2022-07-20,1.0
동작,2022-07-21,1.0
동작,2022-07-22,1.0
동작,2022-07-23,1.0
동작,2022-07-24,0.7266666666666667
동작,2022-07-25,1.0
동작,2022-07-26,1.0
동작,2022-07-27,1.0
동작,2022-07-28,1.0
동작,2022-07-29,1.0
동작,2022-07-30,1.0
동작,2022-07-31,1.0
동작,2022-08-01,1.0
동작,2022-08-02,1.0
동작,2022-08-03,1.0
동작,2022-08-04,1.0
동작,2022-08-05,1.0
동작,2022-08-06,1.0
동작,2022-08-07,1.0
동작,2022-08-08,1.0
동작,2022-08-09,1.0
동작,2022-08-10,0.8615384615384616
동작,2022-08-11,1.0
동작,2022-08-12,0.8346153846153845
동작,2022-08-13,0.8576923076923076
동작,2022-08-14,0.8538461538461539
동작,2022-08-15,0.8576923076923076
동작,2022-08-16,0.8346153846153845
동작,2022-08-17,0.8192307692307692
동작,2022-08-18,0.8538461538461539
동작,2022-08-19,1.0
동작,2022-08-20,0.8423076923076923
동작,2022-08-21,0.8269230769230769
동작,2022-08-22,0.8538461538461539
동작,2022-08-23,0.8576923076923076
동작,2022-08-24,0.85
동작,2022-08-25,0.8615384615384616
동작,2022-08-26,0.8423076923076923
동작,2022-08-27,0.8538461538461539
동작,2022-08-28,0.8384615384615385
동작,2022-08-29,0.8576923076923076
동작,2022-08-30,0.8615384615384616
동작,2022-08-31,0.8038461538461538
마포,2022-06-01,0.35
마포,2022-06-02,0.33
마포,2022-06-03,0.32
마포,2022-06-04,0.27
마포,2022-06-05,0.27
마포,2022-06-06,0.27
마포,2022-06-07,0.28
마포,2022-06-08,0.24
마포,2022-06-09,0.24
마포,2022-06-10,0.28
마포,2022-06-11,0.27
마포,2022-06-12,0.33
마포,2022-06-13,0.36
마포,2022-06-14,0.3
마포,2022-06-15,0.37
마포,2022-06-16,0.32
마포,2022-06-17,0.38
마포,2022-06-18,0.3
마포,2022-06-19,0.3
마포,2022-06-20,0.3
마포,2022-06-21,0.33
마포,2022-06-22,0.28
마포,2022-06-23,1.1388888888888888
마포,2022-06-24,0.4
마포,2022-06-25,0.27
마포,2022-06-26,0.28
마포,2022-06-27,0.39
마포,2022-06-28,0.26
마포,2022-06-29,0.3933333333333333
마포,2022-06-30,0.8133333333333334
마포,2022-07-01,0.22
마포,2022-07-02,0.23
마포,2022-07-03,0.25
마포,2022-07-04,0.24
마포,2022-07-05,0.32
마포,2022-07-06,0.5466666666666666
마포,2022-07-07,0.25
마포,2022-07-08,0.23
마포,2022-07-09,0.24
마포,2022-07-10,0.3
마포,2022-07-11,0.27
마포,2022-07-12,0.41
마포,2022-07-13,0.49
마포,2022-07-14,0.22
마포,2022-07-15,0.22
마포,2022-07-16,0.39
마포,2022-07-17,0.33
마포,2022-07-18,0.25
마포,2022-07-19,0.38
마포,2022-07-20,0.3
마포,2022-07-21,0.22
마포,2022-07-22,0.18749999999999997
마포,2022-07-23,0.3
마포,2022-07-24,0.18749999999999997
마포,2022-07-25,0.18749999999999997
마포,2022-07-26,0.3
마포,2022-07-27,0.3
마포,2022-07-28,0.29
마포,2022-07-29,0.27
마포,2022-07-30,0.3
마포,2022-07-31,0.44
마포,2022-08-01,0.3
마포,2022-08-02,0.3
마포,2022-08-03,0.64
마포,2022-08-04,0.26
마포,2022-08-05,0.24
마포,2022-08-06,0.3466666666666667
마포,2022-08-07,0.21
마포,2022-08-08,0.8
마포,2022-08-09,0.96
마포,2022-08-10,0.3666666666666667
마포,2022-08-11,0.47333333333333333
마포,2022-08-12,0.26
마포,2022-08-13,0.21
마포,2022-08-14,0.23
마포,2022-08-15,0.33
마포,2022-08-16,1.135
마포,2022-08-17,1.135
마포,2022-08-18,1.135
마포,2022-08-19,1.135
마포,2022-08-20,1.135
마포,2022-08-21,1.135
마포,2022-08-22,1.135
마포,2022-08-23,1.135
마포,2022-08-24,1.135
마포,2022-08-25,1.135
마포,2022-08-26,1.135
마포,2022-08-27,1.135
마포,2022-08-28,1.135
마포,2022-08-29,1.135
마포,2022-08-30,1.135
마포,2022-08-31,1.135
서대문,2022-06-01,0.26666666666666666
서대문,2022-06-02,0.26666666666666666
서대문,2022-06-03,0.2125
서대문,2022-06-04,0.22499999999999998
서대문,2022-06-05,0.22499999999999998
서대문,2022-06-06,0.25
서대문,2022-06-07,0.22499999999999998
서대문,2022-06-08,0.19999999999999998
서대문,2022-06-09,0.23571428571428574
서대문,2022-06-10,0.2125
서대문,2022-06-11,0.22499999999999998
서대문,2022-06-12,0.2375
서대문,2022-06-13,0.2125
서대문,2022-06-14,0.2125
서대문,2022-06-15,0.37499999999999994
서대문,2022-06-16,0.22499999999999998
서대문,2022-06-17,0.22499999999999998
서대문,2022-06-18,0.22499999999999998
서대문,2022-06-19,0.22499999999999998
서대문,2022-06-20,0.22499999999999998
서대문,2022-06-21,0.22499999999999998
서대문,2022-06-22,0.19999999999999998
서대문,2022-06-23,0.6928571428571428
서대문,2022-06-24,0.5857142857142857
서대문,2022-06-25,0.22499999999999998
서대문,2022-06-26,0.22499999999999998
서대문,2022-06-27,0.22499999999999998
서대문,2022-06-28,0.36249999999999993
서대문,2022-06-29,0.5727272727272726
서대문,2022-06-30,0.9071428571428573
서대문,2022-07-01,0.22499999999999998
서대문,2022-07-02,0.22499999999999998
서대문,2022-07-03,0.22499999999999998
서대문,2022-07-04,0.425
서대문,2022-07-05,0.2375
서대문,2022-07-06,0.6727272727272726
서대문,2022-07-07,0.22499999999999998
서대문,2022-07-08,0.22499999999999998
서대문,2022-07-09,0.22499999999999998
서대문,2022-07-10,0.22499999999999998
서대문,2022-07-11,0.22499999999999998
서대문,2022-07-12,0.22499999999999998
서대문,2022-07-13,0.6571428571428573
서대문,2022-07-14,0.22499999999999998
서대문,2022-07-15,0.22499999999999998
서대문,2022-07-16,0.6363636363636362
서대문,2022-07-17,0.40909090909090906
서대문,2022-07-18,1.0
서대문,2022-07-19,0.22499999999999998
서대문,2022-07-20,0.2125
서대문,2022-07-21,0.3375
서대문,2022-07-22,0.37499999999999994
서대문,2022-07-23,0.3
서대문,2022-07-24,0.22499999999999998
서대문,2022-07-25,0.22499999999999998
서대문,2022-07-26,0.22499999999999998
서대문,2022-07-27,0.2125
서대문,2022-07-28,0.22499999999999998
서대문,2022-07-29,0.22499999999999998
서대문,2022-07-30,0.43749999999999994
서대문,2022-07-31,0.6272727272727272
서대문,2022-08-01,0.5363636363636363
서대문,2022-08-02,0.4000000000000001
서대문,2022-08-03,0.7642857142857143
서대문,2022-08-04,0.2125
서대문,2022-08-05,0.22499999999999998
서대문,2022-08-06,0.5272727272727272
서대문,2022-08-07,0.22499999999999998
서대문,2022-08-08,0.9285714285714287
서대문,2022-08-09,0.8272727272727273
서대문,2022-08-10,0.5571428571428572
서대문,2022-08-11,0.6857142857142857
서대문,2022-08-12,0.22499999999999998
서대문,2022-08-13,0.2375
서대문,2022-08-14,0.37499999999999994
서대문,2022-08-15,0.2875
서대문,2022-08-16,0.26666666666666666
서대문,2022-08-17,0.2125
서대문,2022-08-18,0.22499999999999998
서대문,2022-08-19,0.942857142857143
서대문,2022-08-20,0.3666666666666667
서대문,2022-08-21,0.32666666666666666
서대문,2022-08-22,0.26249999999999996
서대문,2022-08-23,1.0
서대문,2022-08-24,0.2125
서대문,2022-08-25,0.25
서대문,2022-08-26,0.22499999999999998
서대문,2022-08-29,0.2125
서대문,2022-08-30,0.25
서대문,2022-08-31,0.2125
서초,2022-06-01,0.23142857142857146
서초,2022-06-02,0.18333333333333335
서초,2022-06-03,0.24
서초,2022-06-04,0.17
서초,2022-06-05,0.17
서초,2022-06-06,0.1942857142857143
서초,2022-06-07,0.1942857142857143
서초,2022-06-08,0.18333333333333335
서초,2022-06-09,0.20285714285714285
서초,2022-06-10,0.22285714285714286
서초,2022-06-11,0.17333333333333334
서초,2022-06-12,0.20285714285714285
서초,2022-06-13,0.5314285714285715
서초,2022-06-14,0.23142857142857146
서초,2022-06-15,0.3333333333333333
서초,2022-06-16,0.19999999999999998
서초,2022-06-17,0.20857142857142857
서초,2022-06-18,0.18857142857142858
서초,2022-06-19,0.20285714285714285
서초,2022-06-20,0.18666666666666668
서초,2022-06-21,0.18333333333333335
서초,2022-06-22,0.21142857142857144
서초,2022-06-23,1.0057142857142858
서초,2022-06-24,0.564
서초,2022-06-25,0.20857142857142857
서초,2022-06-26,0.18666666666666668
서초,2022-06-27,0.2333333333333333
서초,2022-06-28,0.21333333333333335
서초,2022-06-29,1.0057142857142858
서초,2022-06-30,0.9628571428571429
서초,2022-07-01,0.21666666666666667
서초,2022-07-02,0.20285714285714285
서초,2022-07-03,0.19666666666666666
서초,2022-07-04,0.19666666666666666
서초,2022-07-05,0.19666666666666666
서초,2022-07-06,0.86
서초,2022-07-07,0.2733333333333333
서초,2022-07-08,0.20857142857142857
서초,2022-07-09,0.4257142857142857
서초,2022-07-10,0.18333333333333335
서초,2022-07-11,0.275
서초,2022-07-12,0.18666666666666668
서초,2022-07-13,0.8033333333333333
서초,2022-07-14,0.21
서초,2022-07-15,0.19333333333333333
서초,2022-07-16,0.42
서초,2022-07-17,0.26857142857142857
서초,2022-07-18,0.20857142857142857
서초,2022-07-19,0.18857142857142858
서초,2022-07-20,0.24
서초,2022-07-21,0.26333333333333336
서초,2022-07-22,0.536
서초,2022-07-23,0.43600000000000005
서초,2022-07-24,0.2714285714285714
서초,2022-07-25,0.18999999999999997
서초,2022-07-26,0.18666666666666668
서초,2022-07-27,0.18666666666666668
서초,2022-07-28,0.18857142857142858
서초,2022-07-29,0.18999999999999997
서초,2022-07-30,0.18333333333333335
서초,2022-07-31,0.5833333333333334
서초,2022-08-01,0.5599999999999999
서초,2022-08-02,0.3257142857142857
서초,2022-08-03,0.5566666666666666
서초,2022-08-04,0.20857142857142857
서초,2022-08-05,0.18999999999999997
서초,2022-08-06,0.3333333333333333
서초,2022-08-07,0.21142857142857144
서초,2022-08-08,1.16
서초,2022-08-09,0.86
서초,2022-08-10,0.43200000000000005
서초,2022-08-11,0.7233333333333333
서초,2022-08-12,0.252
서초,2022-08-13,0.21200000000000002
서초,2022-08-14,0.21666666666666667
서초,2022-08-15,0.19666666666666666
서초,2022-08-16,0.19666666666666666
서초,2022-08-17,0.19666666666666666
서초,2022-08-18,0.19666666666666666
서초,2022-08-19,0.7766666666666667
서초,2022-08-20,0.1942857142857143
서초,2022-08-21,0.196
서초,2022-08-22,0.20285714285714285
서초,2022-08-23,0.24
서초,2022-08-24,0.23142857142857146
서초,2022-08-25,0.20666666666666667
서초,2022-08-26,0.19333333333333333
서초,2022-08-27,0.21142857142857144
서초,2022-08-28,0.18999999999999997
서초,2022-08-29,0.20333333333333334
서초,2022-08-30,0.2733333333333333
서초,2022-08-31,0.19666666666666666
성동,2022-06-01,0.8777777777777778
성동,2022-06-02,0.8777777777777778
성동,2022-06-03,0.8777777777777778
성동,2022-06-04,0.8777777777777778
성동,2022-06-05,0.8777777777777778
성동,2022-06-06,0.264
성동,2022-06-07,0.26
성동,2022-06-08,0.256
성동,2022-06-09,0.32
성동,2022-06-10,0.26
성동,2022-06-11,0.26
성동,2022-06-12,0.252
성동,2022-06-13,0.8777777777777778
성동,2022-06-14,0.26
성동,2022-06-15,0.32799999999999996
성동,2022-06-16,0.316
성동,2022-06-17,0.252
성동,2022-06-18,0.252
성동,2022-06-19,0.264
성동,2022-06-20,0.256
성동,2022-06-21,0.26
성동,2022-06-22,0.256
성동,2022-06-23,0.568
성동,2022-06-24,0.404
성동,2022-06-25,0.11111111111111112
성동,2022-06-26,0.12222222222222222
성동,2022-06-27,0.296
성동,2022-06-28,0.284
성동,2022-06-29,0.45599999999999996
성동,2022-06-30,0.6799999999999999
성동,2022-07-01,0.288
성동,2022-07-02,0.268
성동,2022-07-03,0.268
성동,2022-07-04,0.296
성동,2022-07-05,0.27999999999999997
성동,2022-07-06,0.6
성동,2022-07-07,0.384
성동,2022-07-08,0.26
성동,2022-07-09,0.26
성동,2022-07-10,0.264
성동,2022-07-11,0.26
성동,2022-07-12,0.256
성동,2022-07-13,0.544
성동,2022-07-14,0.288
성동,2022-07-15,0.272
성동,2022-07-16,0.312
성동,2022-07-17,0.268
성동,2022-07-18,0.272
성동,2022-07-19,0.264
성동,2022-07-20,0.268
성동,2022-07-21,0.27999999999999997
성동,2022-07-22,0.42800000000000005
성동,2022-07-23,0.33599999999999997
성동,2022-07-24,0.316
성동,2022-07-25,0.268
성동,2022-07-26,0.27599999999999997
성동,2022-07-27,0.26
성동,2022-07-28,0.26
성동,2022-07-29,0.256
성동,2022-07-30,0.256
성동,2022-07-31,0.532
성동,2022-08-01,0.45599999999999996
성동,2022-08-02,0.352
성동,2022-08-03,0.356
성동,2022-08-04,0.272
성동,2022-08-05,0.268
성동,2022-08-06,0.5777777777777778
성동,2022-08-07,0.268
성동,2022-08-08,0.772
성동,2022-08-09,0.6555555555555556
성동,2022-08-10,0.41200000000000003
성동,2022-08-11,0.632
성동,2022-08-12,0.284
성동,2022-08-13,0.27599999999999997
성동,2022-08-14,0.268
성동,2022-08-15,0.3
성동,2022-08-16,0.272
성동,2022-08-17,0.27999999999999997
성동,2022-08-18,0.256
성동,2022-08-19,0.712
성동,2022-08-20,0.27599999999999997
성동,2022-08-21,0.268
성동,2022-08-22,0.268
성동,2022-08-23,0.264
성동,2022-08-24,0.256
성동,2022-08-25,0.268
성동,2022-08-26,0.26
성동,2022-08-27,0.8777777777777778
성동,2022-08-28,0.268
성동,2022-08-29,0.264
성동,2022-08-30,0.308
성동,2022-08-31,0.27599999999999997
성북,2022-06-01,0.38333333333333336
성북,2022-06-02,0.3
성북,2022-06-03,0.43333333333333335
성북,2022-06-04,0.45000000000000007
성북,2022-06-05,0.45000000000000007
성북,2022-06-06,0.45000000000000007
성북,2022-06-07,0.43333333333333335
성북,2022-06-08,0.4166666666666667
성북,2022-06-09,0.45000000000000007
성북,2022-06-10,0.43333333333333335
성북,2022-06-11,0.43333333333333335
성북,2022-06-12,0.45000000000000007
성북,2022-06-13,0.45000000000000007
성북,2022-06-14,0.45000000000000007
성북,2022-06-15,0.45000000000000007
성북,2022-06-16,0.43333333333333335
성북,2022-06-17,0.45000000000000007
성북,2022-06-18,0.43333333333333335
성북,2022-06-19,0.43333333333333335
성북,2022-06-20,0.43333333333333335
성북,2022-06-21,0.43333333333333335
성북,2022-06-22,0.43333333333333335
성북,2022-06-23,0.8500000000000001
성북,2022-06-24,0.72
성북,2022-06-25,0.72
성북,2022-06-26,0.85
성북,2022-06-27,0.72
성북,2022-06-28,0.72
성북,2022-06-29,0.72
성북,2022-06-30,0.6166666666666667
성북,2022-07-01,0.9
성북,2022-07-02,0.9
성북,2022-07-03,0.9
성북,2022-07-04,0.9
성북,2022-07-05,0.9
성북,2022-07-06,0.9
성북,2022-07-07,0.9
성북,2022-07-08,0.9
성북,2022-07-09,0.9
성북,2022-07-10,0.9
성북,2022-07-11,0.9
성북,2022-07-12,0.9
성북,2022-07-13,0.9
성북,2022-07-14,0.9
성북,2022-07-15,0.9
성북,2022-07-16,0.9
성북,2022-07-17,0.9
성북,2022-07-18,0.9
성북,2022-07-19,0.9
성북,2022-07-20,0.9
성북,2022-07-21,0.9
성북,2022-07-22,0.9
성북,2022-07-23,0.9
성북,2022-07-24,0.9
성북,2022-07-25,1.6666666666666667
성북,2022-07-26,0.9
성북,2022-07-27,0.9
성북,2022-07-28,0.9
성북,2022-07-29,0.9
성북,2022-07-30,0.9
성북,2022-07-31,0.9
성북,2022-08-01,0.9
성북,2022-08-02,0.9
성북,2022-08-03,0.9
성북,2022-08-04,0.9
성북,2022-08-05,0.9
성북,2022-08-06,0.9
성북,2022-08-07,0.9
성북,2022-08-08,1.0833333333333335
성북,2022-08-09,1.0833333333333335
성북,2022-08-10,0.9
성북,2022-08-11,0.9
성북,2022-08-12,0.9
성북,2022-08-13,0.9
성북,2022-08-14,0.9
성북,2022-08-15,0.9
성북,2022-08-16,0.9
성북,2022-08-17,0.9
성북,2022-08-18,0.9
성북,2022-08-19,0.9
성북,2022-08-20,0.9
성북,2022-08-21,0.9
성북,2022-08-22,0.9
성북,2022-08-23,0.43333333333333335
성북,2022-08-24,0.43333333333333335
성북,2022-08-25,0.43333333333333335
성북,2022-08-26,0.43333333333333335
성북,2022-08-27,0.43333333333333335
성북,2022-08-28,0.43333333333333335
성북,2022-08-29,0.43333333333333335
성북,2022-08-30,0.43333333333333335
성북,2022-08-31,0.43333333333333335
송파,2022-06-01,0.155
송파,2022-06-02,0.15
송파,2022-06-03,0.145
송파,2022-06-04,0.15
송파,2022-06-05,0.15
송파,2022-06-06,0.17
송파,2022-06-07,0.15
송파,2022-06-08,0.15
송파,2022-06-09,0.15
송파,2022-06-10,0.15
송파,2022-06-11,0.15
송파,2022-06-12,0.15
송파,2022-06-13,0.495
송파,2022-06-14,0.15
송파,2022-06-15,0.235
송파,2022-06-16,0.2
송파,2022-06-17,0.15
송파,2022-06-18,0.15
송파,2022-06-19,0.155
송파,2022-06-20,0.15
송파,2022-06-21,0.15
송파,2022-06-22,0.15
송파,2022-06-23,0.7
송파,2022-06-24,0.36
송파,2022-06-25,0.155
송파,2022-06-26,0.15
송파,2022-06-27,0.185
송파,2022-06-28,0.15
송파,2022-06-29,0.38
송파,2022-06-30,0.795
송파,2022-07-01,0.16
송파,2022-07-02,0.155
송파,2022-07-03,0.14
송파,2022-07-04,0.15
송파,2022-07-05,0.575
송파,2022-07-06,0.535
송파,2022-07-07,0.2
송파,2022-07-08,0.15
송파,2022-07-09,0.15
송파,2022-07-10,0.15
송파,2022-07-11,0.15
송파,2022-07-12,0.15
송파,2022-07-13,0.59
송파,2022-07-14,0.155
송파,2022-07-15,0.15
송파,2022-07-16,0.485
송파,2022-07-17,0.155
송파,2022-07-18,0.15
송파,2022-07-19,0.235
송파,2022-07-20,0.15
송파,2022-07-21,0.2
송파,2022-07-22,0.425
송파,2022-07-23,0.3
송파,2022-07-24,0.22
송파,2022-07-25,0.15
송파,2022-07-26,0.15
송파,2022-07-27,0.155
송파,2022-07-28,0.15
송파,2022-07-29,0.15
송파,2022-07-30,0.15
송파,2022-07-31,0.34
송파,2022-08-01,0.365
송파,2022-08-02,0.22
송파,2022-08-03,0.48
송파,2022-08-04,0.155
송파,2022-08-05,0.15
송파,2022-08-06,0.47
송파,2022-08-07,0.155
송파,2022-08-08,0.92
송파,2022-08-09,0.785
송파,2022-08-10,0.335
송파,2022-08-11,0.535
송파,2022-08-12,0.15
송파,2022-08-13,0.16
송파,2022-08-14,0.15
송파,2022-08-15,0.175
송파,2022-08-16,0.15
송파,2022-08-17,0.15
송파,2022-08-18,0.15
송파,2022-08-19,0.775
송파,2022-08-20,0.155
송파,2022-08-21,0.155
송파,2022-08-22,0.155
송파,2022-08-23,0.155
송파,2022-08-24,0.15
송파,2022-08-25,0.155
송파,2022-08-26,0.15
송파,2022-08-27,0.42
송파,2022-08-28,0.15
송파,2022-08-29,0.15
송파,2022-08-30,0.22
송파,2022-08-31,0.155
양천,2022-06-01,0.7961538461538461
양천,2022-06-02,0.17333333333333334
양천,2022-06-03,0.17333333333333334
양천,2022-06-04,0.17333333333333334
양천,2022-06-05,0.2692307692307692
양천,2022-06-06,0.236
양천,2022-06-07,0.188
양천,2022-06-08,0.17333333333333334
양천,2022-06-09,0.17333333333333334
양천,2022-06-10,0.21200000000000002
양천,2022-06-11,0.20400000000000001
양천,2022-06-12,0.21200000000000002
양천,2022-06-13,0.21200000000000002
양천,2022-06-14,0.20800000000000002
양천,2022-06-15,0.3
양천,2022-06-16,0.22000000000000003
양천,2022-06-17,0.21200000000000002
양천,2022-06-18,0.2269230769230769
양천,2022-06-19,0.248
양천,2022-06-20,0.244
양천,2022-06-21,0.24
양천,2022-06-22,0.24
양천,2022-06-23,0.5868421052631579
양천,2022-06-24,0.455
양천,2022-06-25,0.176
양천,2022-06-26,0.2192307692307692
양천,2022-06-27,0.20800000000000002
양천,2022-06-28,0.26153846153846155
양천,2022-06-29,0.575
양천,2022-06-30,0.85
양천,2022-07-01,0.31666666666666665
양천,2022-07-02,0.29
양천,2022-07-03,0.18
양천,2022-07-04,0.29615384615384616
양천,2022-07-05,0.25
양천,2022-07-06,0.755
양천,2022-07-07,0.24
양천,2022-07-08,0.18
양천,2022-07-09,0.184
양천,2022-07-10,0.23461538461538461
양천,2022-07-11,0.184
양천,2022-07-12,0.184
양천,2022-07-13,0.7526315789473684
양천,2022-07-14,0.325
양천,2022-07-15,0.325
양천,2022-07-16,0.325
양천,2022-07-17,0.184
양천,2022-07-18,0.28846153846153844
양천,2022-07-19,0.184
양천,2022-07-20,0.22307692307692306
양천,2022-07-21,0.29333333333333333
양천,2022-07-22,0.37307692307692303
양천,2022-07-23,0.3133333333333333
양천,2022-07-24,0.3133333333333333
양천,2022-07-25,0.31153846153846154
양천,2022-07-26,0.18
양천,2022-07-27,0.18
양천,2022-07-28,0.23846153846153845
양천,2022-07-29,0.17333333333333334
양천,2022-07-30,0.23846153846153845
양천,2022-07-31,0.37000000000000005
양천,2022-08-01,0.33666666666666667
양천,2022-08-02,0.6692307692307692
양천,2022-08-03,0.465
양천,2022-08-04,0.36333333333333334
양천,2022-08-05,0.17333333333333334
양천,2022-08-06,0.195
양천,2022-08-07,0.17333333333333334
양천,2022-08-08,0.886842105263158
양천,2022-08-09,0.695
양천,2022-08-10,0.6973684210526316
양천,2022-08-11,0.48684210526315796
양천,2022-08-12,0.3769230769230769
양천,2022-08-13,0.18000000000000002
양천,2022-08-14,0.35384615384615387
양천,2022-08-15,0.18000000000000002
양천,2022-08-16,0.2192307692307692
양천,2022-08-17,0.3666666666666667
양천,2022-08-18,0.19999999999999998
양천,2022-08-19,0.525
양천,2022-08-20,0.18000000000000002
양천,2022-08-21,0.18000000000000002
양천,2022-08-22,0.2269230769230769
양천,2022-08-23,0.17333333333333334
양천,2022-08-24,0.3576923076923077
양천,2022-08-25,0.18000000000000002
양천,2022-08-26,0.3153846153846154
양천,2022-08-27,0.18000000000000002
양천,2022-08-28,0.18000000000000002
양천,2022-08-29,0.18000000000000002
양천,2022-08-30,0.2866666666666667
양천,2022-08-31,0.25333333333333335
영등포,2022-06-01,0.21666666666666667
영등포,2022-06-02,0.23333333333333336
영등포,2022-06-03,0.23333333333333336
영등포,2022-06-04,0.30833333333333335
영등포,2022-06-05,0.25
영등포,2022-06-06,0.26666666666666666
영등포,2022-06-07,0.25
영등포,2022-06-08,0.23333333333333336
영등포,2022-06-09,0.25
영등포,2022-06-10,0.25
영등포,2022-06-11,0.23333333333333336
영등포,2022-06-12,0.23333333333333336
영등포,2022-06-13,0.2888888888888889
영등포,2022-06-14,0.25
영등포,2022-06-15,0.24666666666666667
영등포,2022-06-16,0.23333333333333336
영등포,2022-06-17,0.25
영등포,2022-06-18,0.23333333333333336
영등포,2022-06-19,0.23333333333333336
영등포,2022-06-20,0.23333333333333336
영등포,2022-06-21,0.23333333333333336
영등포,2022-06-22,0.26666666666666666
영등포,2022-06-23,0.7222222222222222
영등포,2022-06-24,0.6166666666666667
영등포,2022-06-25,0.25
영등포,2022-06-26,0.21666666666666667
영등포,2022-06-27,0.25
영등포,2022-06-28,0.25
영등포,2022-06-29,0.46666666666666673
영등포,2022-06-30,0.75
영등포,2022-07-01,0.3066666666666667
영등포,2022-07-02,0.26666666666666666
영등포,2022-07-03,0.23333333333333336
영등포,2022-07-04,0.255
영등포,2022-07-05,0.545
영등포,2022-07-06,0.5444444444444444
영등포,2022-07-07,0.2733333333333333
영등포,2022-07-08,0.23333333333333336
영등포,2022-07-09,0.25
영등포,2022-07-10,0.25
영등포,2022-07-11,0.25
영등포,2022-07-12,0.25
영등포,2022-07-13,0.75
영등포,2022-07-14,0.3133333333333333
영등포,2022-07-15,0.23333333333333336
영등포,2022-07-16,0.23333333333333336
영등포,2022-07-17,0.21666666666666667
영등포,2022-07-18,0.25
영등포,2022-07-19,0.23333333333333336
영등포,2022-07-20,0.23333333333333336
영등포,2022-07-21,0.26666666666666666
영등포,2022-07-22,0.74
영등포,2022-07-23,0.4
영등포,2022-07-24,0.3333333333333333
영등포,2022-07-25,0.25
영등포,2022-07-26,0.26666666666666666
영등포,2022-07-27,0.23333333333333336
영등포,2022-07-28,0.21666666666666667
영등포,2022-07-29,0.25
영등포,2022-07-30,0.21666666666666667
영등포,2022-07-31,0.44
영등포,2022-08-01,0.45000000000000007
영등포,2022-08-02,0.43333333333333335
영등포,2022-08-03,0.5333333333333333
영등포,2022-08-04,0.26666666666666666
영등포,2022-08-05,0.23333333333333336
영등포,2022-08-06,0.25
영등포,2022-08-07,0.26666666666666666
영등포,2022-08-08,1.0
영등포,2022-08-09,1.0
영등포,2022-08-10,1.0
영등포,2022-08-11,1.0
영등포,2022-08-12,0.21666666666666667
영등포,2022-08-13,0.25
영등포,2022-08-14,0.23333333333333336
영등포,2022-08-15,0.23333333333333336
영등포,2022-08-16,0.23333333333333336
영등포,2022-08-17,0.25
영등포,2022-08-18,0.23333333333333336
영등포,2022-08-19,0.7666666666666667
영등포,2022-08-20,0.25
영등포,2022-08-21,0.21666666666666667
영등포,2022-08-22,0.25
영등포,2022-08-23,0.25
영등포,2022-08-24,0.25
영등포,2022-08-25,0.23333333333333336
영등포,2022-08-26,0.23333333333333336
영등포,2022-08-27,0.27999999999999997
영등포,2022-08-28,0.25
영등포,2022-08-29,0.26666666666666666
영등포,2022-08-30,0.3066666666666667
영등포,2022-08-31,0.26666666666666666
용산,2022-06-01,0.3
용산,2022-06-02,0.29333333333333333
용산,2022-06-03,0.29333333333333333
용산,2022-06-04,0.29333333333333333
용산,2022-06-05,0.29333333333333333
용산,2022-06-06,0.3
용산,2022-06-07,0.3
용산,2022-06-08,0.3
용산,2022-06-09,0.3
용산,2022-06-10,0.29333333333333333
용산,2022-06-11,0.3
용산,2022-06-12,0.3
용산,2022-06-13,0.29333333333333333
용산,2022-06-14,0.3
용산,2022-06-15,0.6555555555555556
용산,2022-06-16,0.3
용산,2022-06-17,0.3
용산,2022-06-18,0.29333333333333333
용산,2022-06-19,0.3
용산,2022-06-20,0.3
용산,2022-06-21,0.3
용산,2022-06-22,0.3
용산,2022-06-23,0.9
용산,2022-06-24,0.77
용산,2022-06-25,0.29333333333333333
용산,2022-06-26,0.29333333333333333
용산,2022-06-27,0.32666666666666666
용산,2022-06-28,0.39
용산,2022-06-29,0.65
용산,2022-06-30,0.83
용산,2022-07-01,0.5466666666666666
용산,2022-07-02,0.3
용산,2022-07-03,0.29333333333333333
용산,2022-07-04,0.46
용산,2022-07-05,0.3
용산,2022-07-06,0.97
용산,2022-07-07,0.3
용산,2022-07-08,0.38
용산,2022-07-09,0.3066666666666667
용산,2022-07-10,0.3066666666666667
용산,2022-07-11,0.3066666666666667
용산,2022-07-12,0.3133333333333333
용산,2022-07-13,0.93
용산,2022-07-14,0.3066666666666667
용산,2022-07-15,0.3
용산,2022-07-16,0.3133333333333333
용산,2022-07-17,0.38666666666666666
용산,2022-07-18,0.3066666666666667
용산,2022-07-19,0.3
용산,2022-07-20,0.3
용산,2022-07-21,0.43
용산,2022-07-22,0.3
용산,2022-07-23,0.42
용산,2022-07-24,0.38
용산,2022-07-25,0.3066666666666667
용산,2022-07-26,0.3066666666666667
용산,2022-07-27,0.3
용산,2022-07-28,0.3
용산,2022-07-29,0.3066666666666667
용산,2022-07-30,0.3
용산,2022-07-31,0.8
용산,2022-08-01,0.71
용산,2022-08-02,0.66
용산,2022-08-03,0.62
용산,2022-08-04,0.3066666666666667
용산,2022-08-05,0.3066666666666667
용산,2022-08-06,0.43
용산,2022-08-07,0.3066666666666667
용산,2022-08-08,1.23
용산,2022-08-09,1.0866666666666667
용산,2022-08-10,0.86
용산,2022-08-11,0.92
용산,2022-08-12,0.8533333333333334
용산,2022-08-13,0.32
용산,2022-08-14,0.3066666666666667
용산,2022-08-15,0.34
용산,2022-08-16,0.3066666666666667
용산,2022-08-17,0.3066666666666667
용산,2022-08-18,0.3066666666666667
용산,2022-08-19,1.02
용산,2022-08-20,0.3133333333333333
용산,2022-08-21,0.3066666666666667
용산,2022-08-22,0.36
용산,2022-08-23,0.32
용산,2022-08-24,0.3066666666666667
용산,2022-08-25,0.3
용산,2022-08-26,0.3066666666666667
용산,2022-08-27,0.79
용산,2022-08-28,0.3066666666666667
용산,2022-08-29,0.3066666666666667
용산,2022-08-30,0.36
용산,2022-08-31,0.3133333333333333
은평,2022-06-01,0.07
은평,2022-06-02,0.07
은평,2022-06-03,0.08
은평,2022-06-04,0.08
은평,2022-06-05,0.07
은평,2022-06-06,0.12222222222222222
은평,2022-06-07,0.07
은평,2022-06-08,0.08
은평,2022-06-09,0.07
은평,2022-06-10,0.12777777777777777
은평,2022-06-11,0.08
은평,2022-06-12,0.07
은평,2022-06-13,0.5166666666666667
은평,2022-06-14,0.07
은평,2022-06-15,0.2111111111111111
은평,2022-06-16,0.37999999999999995
은평,2022-06-17,0.07
은평,2022-06-18,0.18666666666666668
은평,2022-06-19,0.07
은평,2022-06-20,0.07
은평,2022-06-21,0.07
은평,2022-06-22,0.07
은평,2022-06-23,0.6722222222222222
은평,2022-06-24,0.5111111111111111
은평,2022-06-25,0.06111111111111111
은평,2022-06-26,0.08
은평,2022-06-27,0.1
은평,2022-06-28,0.3111111111111111
은평,2022-06-29,0.5555555555555556
은평,2022-06-30,0.7055555555555556
은평,2022-07-01,0.11111111111111112
은평,2022-07-02,0.08
은평,2022-07-03,0.07222222222222223
은평,2022-07-04,0.08
은평,2022-07-05,0.09444444444444444
은평,2022-07-06,0.5722222222222222
은평,2022-07-07,0.07
은평,2022-07-08,0.07
은평,2022-07-09,0.15333333333333335
은평,2022-07-10,0.07
은평,2022-07-11,0.07
은평,2022-07-12,0.07
은평,2022-07-13,0.5777777777777778
은평,2022-07-14,0.08
은평,2022-07-15,0.07
은평,2022-07-16,0.08
은평,2022-07-17,0.08421052631578949
은평,2022-07-18,0.08
은평,2022-07-19,0.08
은평,2022-07-20,0.08
은평,2022-07-21,0.21
은평,2022-07-22,0.08947368421052633
은평,2022-07-23,0.1611111111111111
은평,2022-07-24,0.12
은평,2022-07-25,0.08
은평,2022-07-26,0.08
은평,2022-07-27,0.08
은평,2022-07-28,0.08
은평,2022-07-29,0.13333333333333333
은평,2022-07-30,0.26666666666666666
은평,2022-07-31,0.5111111111111111
은평,2022-08-01,0.5
은평,2022-08-02,0.4222222222222222
은평,2022-08-03,0.5388888888888889
은평,2022-08-04,0.09999999999999999
은평,2022-08-05,0.09444444444444444
은평,2022-08-06,0.19333333333333333
은평,2022-08-07,0.09
은평,2022-08-08,0.7733333333333333
은평,2022-08-09,0.9133333333333334
은평,2022-08-10,0.3611111111111111
은평,2022-08-11,0.5222222222222221
은평,2022-08-12,0.08
은평,2022-08-13,0.09
은평,2022-08-14,0.19
은평,2022-08-15,0.26111111111111107
은평,2022-08-16,0.07777777777777778
은평,2022-08-17,0.08
은평,2022-08-18,0.08
은평,2022-08-19,0.7133333333333334
은평,2022-08-20,0.08
은평,2022-08-21,0.08
은평,2022-08-22,0.09
은평,2022-08-23,0.10666666666666667
은평,2022-08-24,0.08
은평,2022-08-25,0.08
은평,2022-08-26,0.09
은평,2022-08-27,0.45999999999999996
은평,2022-08-28,0.07
은평,2022-08-29,0.43333333333333335
은평,2022-08-30,0.1611111111111111
은평,2022-08-31,0.12666666666666668
종로,2022-06-01,0.06666666666666667
종로,2022-06-02,0.07777777777777778
종로,2022-06-03,0.06666666666666667
종로,2022-06-04,0.06666666666666667
종로,2022-06-05,0.06666666666666667
종로,2022-06-06,0.06666666666666667
종로,2022-06-07,0.07222222222222223
종로,2022-06-08,0.7611111111111112
종로,2022-06-09,0.06666666666666667
종로,2022-06-10,0.06666666666666667
종로,2022-06-11,0.6734693877551019
종로,2022-06-12,0.06666666666666667
종로,2022-06-13,0.5387755102040817
종로,2022-06-14,0.06666666666666667
종로,2022-06-15,0.13877551020408163
종로,2022-06-16,0.06666666666666667
종로,2022-06-17,0.07222222222222223
종로,2022-06-18,0.06666666666666667
종로,2022-06-19,0.06666666666666667
종로,2022-06-20,0.06666666666666667
종로,2022-06-21,0.07777777777777778
종로,2022-06-22,0.06666666666666667
종로,2022-06-23,0.7510204081632653
종로,2022-06-24,0.6122448979591836
종로,2022-06-25,0.07777777777777778
종로,2022-06-26,0.07222222222222223
종로,2022-06-27,0.07222222222222223
종로,2022-06-28,0.15510204081632653
종로,2022-06-29,0.4653061224489795
종로,2022-06-30,0.8612244897959183
종로,2022-07-01,0.15
종로,2022-07-02,0.08333333333333333
종로,2022-07-03,0.07777777777777778
종로,2022-07-04,0.07777777777777778
종로,2022-07-05,0.07777777777777778
종로,2022-07-06,0.5918367346938775
종로,2022-07-07,0.08333333333333333
종로,2022-07-08,0.07777777777777778
종로,2022-07-09,0.07222222222222223
종로,2022-07-10,0.07222222222222223
종로,2022-07-11,0.27346938775510204
종로,2022-07-12,0.07222222222222223
종로,2022-07-13,0.7755102040816325
종로,2022-07-14,0.12777777777777777
종로,2022-07-15,0.08333333333333333
종로,2022-07-16,0.7346938775510203
종로,2022-07-17,0.09444444444444444
종로,2022-07-18,0.10555555555555556
종로,2022-07-19,0.07777777777777778
종로,2022-07-20,1.0888888888888888
종로,2022-07-21,1.0944444444444443
종로,2022-07-22,0.07777777777777778
종로,2022-07-23,0.1346938775510204
종로,2022-07-24,0.07777777777777778
종로,2022-07-25,0.07777777777777778
종로,2022-07-26,0.07777777777777778
종로,2022-07-27,0.07222222222222223
종로,2022-07-28,0.07222222222222223
종로,2022-07-29,1.0888888888888888
종로,2022-07-30,0.06666666666666667
종로,2022-07-31,0.6040816326530611
종로,2022-08-01,0.42448979591836733
종로,2022-08-02,0.7166666666666667
종로,2022-08-03,0.5387755102040817
종로,2022-08-04,0.10555555555555556
종로,2022-08-05,1.0944444444444443
종로,2022-08-06,1.0999999999999999
종로,2022-08-07,0.07777777777777778
종로,2022-08-08,0.9714285714285713
종로,2022-08-09,1.0530612244897959
종로,2022-08-10,0.5428571428571428
종로,2022-08-11,0.6530612244897959
종로,2022-08-12,0.1
종로,2022-08-13,0.1962962962962963
종로,2022-08-14,0.22592592592592592
종로,2022-08-15,0.30370370370370364
종로,2022-08-16,0.28888888888888886
종로,2022-08-17,1.1055555555555556
종로,2022-08-18,1.1055555555555556
종로,2022-08-19,1.1055555555555556
종로,2022-08-20,0.11111111111111112
종로,2022-08-21,0.08888888888888889
종로,2022-08-22,0.15
종로,2022-08-23,1.0999999999999999
종로,2022-08-24,1.1055555555555556
종로,2022-08-25,1.1055555555555556
종로,2022-08-26,1.1055555555555556
종로,2022-08-27,1.1055555555555556
종로,2022-08-28,0.12962962962962962
종로,2022-08-29,0.12962962962962962
종로,2022-08-30,0.13333333333333333
종로,2022-08-31,0.137037037037037
중,2022-06-01,0.23888888888888887
중,2022-06-02,0.26111111111111107
중,2022-06-03,0.26111111111111107
중,2022-06-04,0.25555555555555554
중,2022-06-05,0.25
중,2022-06-06,0.25555555555555554
중,2022-06-07,0.26111111111111107
중,2022-06-08,0.26666666666666666
중,2022-06-09,0.3
중,2022-06-10,0.2722222222222222
중,2022-06-11,0.25
중,2022-06-12,0.25
중,2022-06-13,0.5055555555555555
중,2022-06-14,0.26666666666666666
중,2022-06-15,0.3333333333333333
중,2022-06-16,0.26111111111111107
중,2022-06-17,0.25555555555555554
중,2022-06-18,0.23888888888888887
중,2022-06-19,0.24444444444444444
중,2022-06-20,0.25555555555555554
중,2022-06-21,0.25555555555555554
중,2022-06-22,0.26111111111111107
중,2022-06-23,0.5722222222222222
중,2022-06-24,0.5666666666666667
중,2022-06-25,0.24444444444444444
중,2022-06-26,0.24444444444444444
중,2022-06-27,0.2888888888888889
중,2022-06-28,0.33888888888888885
중,2022-06-29,0.5733333333333334
중,2022-06-30,0.6222222222222222
중,2022-07-01,0.26111111111111107
중,2022-07-02,0.24444444444444444
중,2022-07-03,0.24444444444444444
중,2022-07-04,0.26666666666666666
중,2022-07-05,0.2722222222222222
중,2022-07-06,0.4888888888888889
중,2022-07-07,0.23888888888888887
중,2022-07-08,0.2333333333333333
중,2022-07-09,0.24444444444444444
중,2022-07-10,0.24444444444444444
중,2022-07-11,0.37777777777777777
중,2022-07-12,0.25
중,2022-07-13,0.5
중,2022-07-14,0.22222222222222224
중,2022-07-15,0.22777777777777775
중,2022-07-16,0.5055555555555555
중,2022-07-17,0.2333333333333333
중,2022-07-18,0.22777777777777775
중,2022-07-19,0.22777777777777775
중,2022-07-20,0.2333333333333333
중,2022-07-21,0.22777777777777775
중,2022-07-22,0.4444444444444445
중,2022-07-23,0.2722222222222222
중,2022-07-24,0.23888888888888887
중,2022-07-25,0.23888888888888887
중,2022-07-26,0.23888888888888887
중,2022-07-27,0.2333333333333333
중,2022-07-28,0.22777777777777775
중,2022-07-29,0.22777777777777775
중,2022-07-30,0.22777777777777775
중,2022-07-31,0.5166666666666667
중,2022-08-01,0.37777777777777777
중,2022-08-02,0.3277777777777778
중,2022-08-03,0.40555555555555556
중,2022-08-04,0.24444444444444444
중,2022-08-05,0.23888888888888887
중,2022-08-06,0.44814814814814813
중,2022-08-07,0.2333333333333333
중,2022-08-08,0.8555555555555555
중,2022-08-09,0.8722222222222222
중,2022-08-10,0.4111111111111111
중,2022-08-11,0.5277777777777778
중,2022-08-12,0.22777777777777775
중,2022-08-13,0.2333333333333333
중,2022-08-14,0.2333333333333333
중,2022-08-15,0.22777777777777775
중,2022-08-16,0.22777777777777775
중,2022-08-17,0.22777777777777775
중,2022-08-18,0.2333333333333333
중,2022-08-19,0.8666666666666667
중,2022-08-20,0.23888888888888887
중,2022-08-21,0.2333333333333333
중,2022-08-22,0.2333333333333333
중,2022-08-23,0.22777777777777775
중,2022-08-24,0.22777777777777775
중,2022-08-25,0.22777777777777775
중,2022-08-26,0.22777777777777775
중,2022-08-27,0.6533333333333333
중,2022-08-28,0.22222222222222224
중,2022-08-29,0.2333333333333333
중,2022-08-30,0.25
중,2022-08-31,0.22222222222222224
중랑,2022-06-01,0.11333333333333334
중랑,2022-06-02,0.11333333333333334
중랑,2022-06-03,0.14
중랑,2022-06-04,0.11333333333333334
중랑,2022-06-05,0.11333333333333334
중랑,2022-06-06,0.18666666666666668
중랑,2022-06-07,0.11333333333333334
중랑,2022-06-08,0.11333333333333334
중랑,2022-06-09,0.135
중랑,2022-06-10,0.13333333333333333
중랑,2022-06-11,0.11333333333333334
중랑,2022-06-12,0.22666666666666668
중랑,2022-06-13,0.38666666666666666
중랑,2022-06-14,0.11333333333333334
중랑,2022-06-15,0.19333333333333333
중랑,2022-06-16,0.12
중랑,2022-06-17,0.11333333333333334
중랑,2022-06-18,0.11333333333333334
중랑,2022-06-19,0.11333333333333334
중랑,2022-06-20,0.11333333333333334
중랑,2022-06-21,0.11333333333333334
중랑,2022-06-22,0.11333333333333334
중랑,2022-06-23,0.495
중랑,2022-06-24,0.3933333333333333
중랑,2022-06-25,0.11333333333333334
중랑,2022-06-26,0.12
중랑,2022-06-27,0.21333333333333335
중랑,2022-06-28,0.18000000000000002
중랑,2022-06-29,0.36000000000000004
중랑,2022-06-30,0.49
중랑,2022-07-01,0.15333333333333335
중랑,2022-07-02,0.13333333333333333
중랑,2022-07-03,0.12666666666666668
중랑,2022-07-04,0.12666666666666668
중랑,2022-07-05,0.12666666666666668
중랑,2022-07-06,0.3466666666666667
중랑,2022-07-07,0.2733333333333333
중랑,2022-07-08,0.12
중랑,2022-07-09,0.12
중랑,2022-07-10,0.12
중랑,2022-07-11,0.12
중랑,2022-07-12,0.12
중랑,2022-07-13,0.44
중랑,2022-07-14,0.13333333333333333
중랑,2022-07-15,0.12
중랑,2022-07-16,0.24666666666666667
중랑,2022-07-17,0.12666666666666668
중랑,2022-07-18,0.12666666666666668
중랑,2022-07-19,0.12666666666666668
중랑,2022-07-20,0.12
중랑,2022-07-21,0.17333333333333334
중랑,2022-07-22,0.14
중랑,2022-07-23,0.18666666666666668
중랑,2022-07-24,0.15333333333333335
중랑,2022-07-25,0.12
중랑,2022-07-26,0.12
중랑,2022-07-27,0.12666666666666668
중랑,2022-07-28,0.12
중랑,2022-07-29,0.11333333333333334
중랑,2022-07-30,0.12
중랑,2022-07-31,0.3666666666666667
중랑,2022-08-01,0.3133333333333333
중랑,2022-08-02,0.25333333333333335
중랑,2022-08-03,0.3133333333333333
중랑,2022-08-04,0.16
중랑,2022-08-05,0.12666666666666668
중랑,2022-08-06,0.12
중랑,2022-08-07,0.12666666666666668
중랑,2022-08-08,0.665
중랑,2022-08-09,0.65
중랑,2022-08-10,0.26666666666666666
중랑,2022-08-11,0.37999999999999995
중랑,2022-08-12,0.13999999999999999
중랑,2022-08-13,0.14666666666666667
중랑,2022-08-14,0.13333333333333333
중랑,2022-08-15,0.18000000000000002
중랑,2022-08-16,0.12666666666666668
중랑,2022-08-17,0.12666666666666668
중랑,2022-08-18,0.12
중랑,2022-08-19,0.495
중랑,2022-08-20,0.12666666666666668
중랑,2022-08-21,0.12
중랑,2022-08-22,0.12666666666666668
중랑,2022-08-23,0.135
중랑,2022-08-24,0.12666666666666668
중랑,2022-08-25,0.15333333333333335
중랑,2022-08-26,0.12
중랑,2022-08-27,0.225
중랑,2022-08-28,0.12
중랑,2022-08-29,0.12
중랑,2022-08-30,0.18666666666666668
중랑,2022-08-31,0.12
